<?xml version="1.0" encoding="UTF-8"?>
<jcr:root xmlns:jcr="http://www.jcp.org/jcr/1.0" xmlns:nt="http://www.jcp.org/jcr/nt/1.0" xmlns:cq="http://www.day.com/jcr/cq/1.0" xmlns:sling="http://sling.apache.org/jcr/sling/1.0"
    jcr:primaryType="cq:Page">
    <jcr:content
        cq:deviceGroups="[mobile/groups/responsive]"
        cq:lastModified="{Date}2025-02-12T11:01:37.306+05:30"
        cq:lastModifiedBy="admin"
        cq:template="/conf/aemguidesDALP/settings/wcm/templates/dita-topic"
        jcr:primaryType="cq:PageContent"
        sling:resourceType="aemguidesDALP/components/page">
        <root
            jcr:primaryType="nt:unstructured"
            sling:resourceType="aemguidesDALP/components/container"
            layout="responsiveGrid">
            <container
                jcr:primaryType="nt:unstructured"
                sling:resourceType="aemguidesDALP/components/container"
                editable="{Boolean}true"
                layout="responsiveGrid"/>
            <container_689917996
                cq:styleIds="[1739193905757,1739353947627]"
                jcr:created="{Date}2025-02-07T14:49:19.492+05:30"
                jcr:createdBy="admin"
                jcr:lastModified="{Date}2025-02-10T18:55:44.641+05:30"
                jcr:lastModifiedBy="admin"
                jcr:primaryType="nt:unstructured"
                sling:resourceType="core/wcm/components/container/v1/container">
                <container
                    cq:styleIds="[1739265684209]"
                    jcr:created="{Date}2025-02-11T15:07:15.924+05:30"
                    jcr:createdBy="admin"
                    jcr:lastModified="{Date}2025-02-11T15:07:15.924+05:30"
                    jcr:lastModifiedBy="admin"
                    jcr:primaryType="nt:unstructured"
                    sling:resourceType="core/wcm/components/container/v1/container">
                    <guidessidenavigation
                        jcr:created="{Date}2025-02-11T16:46:27.226+05:30"
                        jcr:createdBy="admin"
                        jcr:lastModified="{Date}2025-02-11T16:46:27.226+05:30"
                        jcr:lastModifiedBy="admin"
                        jcr:primaryType="nt:unstructured"
                        sling:resourceType="aemguidesDALP/components/guidessidenavigation"/>
                </container>
                <container1
                    jcr:lastModified="{Date}2025-02-11T15:06:05.971+05:30"
                    jcr:lastModifiedBy="admin"
                    jcr:primaryType="nt:unstructured"
                    sling:resourceType="core/wcm/components/container/v1/container">
                    <title
                        jcr:created="{Date}2025-02-11T18:24:19.811+05:30"
                        jcr:createdBy="admin"
                        jcr:lastModified="{Date}2025-02-11T18:24:42.907+05:30"
                        jcr:lastModifiedBy="admin"
                        jcr:primaryType="nt:unstructured"
                        sling:resourceType="core/wcm/components/title/v3/title"
                        id="topic-title"
                        linkTarget="_self"
                        type="h2"/>
                    <injected-container
                        jcr:primaryType="nt:unstructured"
                        sling:resourceType="core/wcm/components/container/v1/container"
                        editable="{Boolean}true"/>
                </container1>
                <container_708278119
                    cq:styleIds="[1739266406174]"
                    jcr:created="{Date}2025-02-11T15:06:57.196+05:30"
                    jcr:createdBy="admin"
                    jcr:lastModified="{Date}2025-02-11T15:06:57.196+05:30"
                    jcr:lastModifiedBy="admin"
                    jcr:primaryType="nt:unstructured"
                    sling:resourceType="core/wcm/components/container/v1/container"/>
            </container_689917996>
        </root>
        <cq:responsive jcr:primaryType="nt:unstructured">
            <breakpoints jcr:primaryType="nt:unstructured">
                <phone
                    jcr:primaryType="nt:unstructured"
                    title="Smaller Screen"
                    width="{Long}768"/>
                <tablet
                    jcr:primaryType="nt:unstructured"
                    title="Tablet"
                    width="{Long}1200"/>
            </breakpoints>
        </cq:responsive>
    </jcr:content>
</jcr:root>
