<?xml version="1.0" encoding="UTF-8"?>
<jcr:root xmlns:jcr="http://www.jcp.org/jcr/1.0" xmlns:nt="http://www.jcp.org/jcr/nt/1.0" xmlns:cq="http://www.day.com/jcr/cq/1.0" xmlns:sling="http://sling.apache.org/jcr/sling/1.0"
    jcr:primaryType="cq:Page">
    <jcr:content
        cq:deviceGroups="[mobile/groups/responsive]"
        cq:lastModified="{Date}2025-02-10T18:18:37.479+05:30"
        cq:lastModifiedBy="admin"
        cq:template="/conf/aemguidesDALP/settings/wcm/templates/dita-complex-layout"
        jcr:primaryType="cq:PageContent"
        sling:resourceType="aemguidesDALP/components/page">
        <root
            jcr:primaryType="nt:unstructured"
            sling:resourceType="aemguidesDALP/components/container"
            layout="responsiveGrid">
            <experiencefragment-header
                jcr:primaryType="nt:unstructured"
                sling:resourceType="aemguidesDALP/components/experiencefragment"
                fragmentVariationPath="/content/experience-fragments/aemguidesDALP/us/en/site/header/master"/>
            <container
                jcr:primaryType="nt:unstructured"
                sling:resourceType="aemguidesDALP/components/container"
                editable="{Boolean}true"
                layout="responsiveGrid"/>
            <container_689917996
                jcr:created="{Date}2025-02-07T14:49:19.492+05:30"
                jcr:createdBy="admin"
                jcr:lastModified="{Date}2025-02-07T14:49:19.492+05:30"
                jcr:lastModifiedBy="admin"
                jcr:primaryType="nt:unstructured"
                sling:resourceType="core/wcm/components/container/v1/container">
                <helloworld
                    jcr:created="{Date}2025-02-07T16:49:52.420+05:30"
                    jcr:createdBy="admin"
                    jcr:lastModified="{Date}2025-02-07T16:49:52.420+05:30"
                    jcr:lastModifiedBy="admin"
                    jcr:primaryType="nt:unstructured"
                    sling:resourceType="aemguidesDALP/components/helloworld"/>
                <container1
                    jcr:primaryType="nt:unstructured"
                    sling:resourceType="core/wcm/components/container/v1/container">
                    <injected-container
                        jcr:primaryType="nt:unstructured"
                        sling:resourceType="core/wcm/components/container/v1/container"
                        editable="{Boolean}true"/>
                </container1>
                <helloworld_713599523
                    jcr:created="{Date}2025-02-07T16:49:57.958+05:30"
                    jcr:createdBy="admin"
                    jcr:lastModified="{Date}2025-02-07T16:49:57.958+05:30"
                    jcr:lastModifiedBy="admin"
                    jcr:primaryType="nt:unstructured"
                    sling:resourceType="aemguidesDALP/components/helloworld"/>
            </container_689917996>
        </root>
        <cq:responsive jcr:primaryType="nt:unstructured">
            <breakpoints jcr:primaryType="nt:unstructured">
                <phone
                    jcr:primaryType="nt:unstructured"
                    title="Smaller Screen"
                    width="{Long}768"/>
                <tablet
                    jcr:primaryType="nt:unstructured"
                    title="Tablet"
                    width="{Long}1200"/>
            </breakpoints>
        </cq:responsive>
    </jcr:content>
</jcr:root>
